"Line Id","Username","Line password","Phone","Priority","Select Group 1 ~","Main Group","Model Name","User Function","IMEI Format: Machine Type-IMEI","EncryptionType 1-RSA / AES 2-SM2 / SM4","Sim number","User Type","SIM Card Expiration Time Format: yyyy-MM-dd","Set app password","Whether to enable the app password"
"34889760075","Leopoldo Batz","2KeJxx9c8O","","2","654123,AtgSIyki5A","666666","xHy27OYdE4","","","","","0","2020-06-01","","1"
"123456","Dee Nicolas","2dvcyC5Dx0","","3","dC6cT7ea4U,FpI7oGH87V","L3Q8rm6TT9","WLnEqjKyML","7,11","","","","0","2020-06-01","","1"
"LonZAy2Y38m7ATfgYCnE","Elise Feil","yl1DLF1zZl","","4","wPqFe63deB,7WeHjDA1LU","rrBjemsTq0","xHy27OYdE4","6,11,12,19","","","","0","2020-06-01","","1"
"bShAz6h1a73MD3rO9Ofe","Stacy Fritsch","5tfRFwE23D","","5","F4V5ZTdttc,elV5DQzPOX","3sVS87ZXg7","iSqMvnihII","3,11,12","","","","0","2020-06-01","","1"
"dunB3xFE5xjHADa68C53","Alva Parker III","vc2BV35fhq","","7","Fz6YABjp6n,a5K1tz16Lg","ePYJrzOLrd","UZWsY9rA3X","3,6,11,12,19","","","","0","2020-06-01","","1"
"0OTzIM9gCXq3p95lqojC","Mrs. Heaven Nienow","zsz92n1uMG","","5","Kl3AJtAqRW,w5KMV6jnvF","MXxw69xfBy","n74VBagCGw","7,12,19","","","","0","2020-06-01","","1"
"Z3N1ogs6SAd4KtgItqeu","Sabryna Roob","uVtwGlKONN","","5","UJSraMNoLD,MCmUGNVHM1","vMUnv4H3Wd","VEBIS4IQpB","11,12","","","","0","2020-06-01","","1"
"RrK4p6hkVQemfof0piKV","Teagan Mayert","lkaghTN8Mu","","5","2uWbZToOkN,3EHTARpmn8","qscDTzZDlQ","RLth41B3N0","3,6,7,12","","","","0","2020-06-01","","1"
"0lQJEUTK1AqpTwQvwqVL","Allene Stiedemann","kn1OUg5pjc","","7","Lr5kzeVNsV,0XAPfG73fZ","UqGfSNjLUU","rVbjAF5vhK","6,7,11,12,19","","","","0","2020-06-01","","1"
"MMXVW58s2umYSFZyMrys","Dr. Tyler Hamill Sr.","zpgoDPoPjo","","1","1D3dUBbSxY,e0EQffAbv7","2HCOwps20P","U1Xxu8yv9n","12,19","","","","0","2020-06-01","","1"
"SSRcmJpz49y9j1k7vMc3","Isai Wintheiser","PyecbzDBro","","5","clq7EeZsv1,1A51TlvfrM","bqNoKyvemd","37Xr9LsTRr","3,6,12,19","","","","0","2020-06-01","","1"
"kjGtXavWebAeXagG4Rq1","Mrs. Jacklyn Hudson","P4uawQ1gjb","","7","WK8Idb8jhr,k4QDtW4qxQ","6hjPPGPWdL","nPM62pUYr4","6,12","","","","0","2020-06-01","","1"
"WcuWgJCpybCBW4DA6OHl","Kadin O'Keefe","8eDKp0pagy","","6","0OVTyLjgcU,RHUiyruQYW","ctr1lZzPJH","xIP13EBaRC","3,6,7,12","","","","0","2020-06-01","","1"
"I9hzupO1Uj7IHJlOWo5A","Cassidy Trantow","qFPvxbeBzE","","3","BwMqct6wE5,PmZgP13elQ","D7bSWnwHJH","SHbl7qd34Z","6,7,11,12,19","","","","0","2020-06-01","","1"
"2X6exyiySp4wpAfTg6K0","Mr. Neil Beatty","Buw6opNniN","","4","itNhDjuP1C,wB7FuQcbIv","MwJ4VXPhLM","w0FuGGwnrR","3,7,12","","","","0","2020-06-01","","1"
"2QgkEjTTMzqkwxM3x396","Mr. Rene Douglas Sr.","CDxHObvfQS","","8","l3QQ9LvIBi,TSCu6IP9zl","aGt87W4Jky","FR5GZRWNpb","6,11,19","","","","0","2020-06-01","","1"
"ebru4Gx0PrHLq4fe08xV","Pamela Treutel","fW8iUTpJRs","","8","OEG0T4GxYV,lWvtUA51Xx","tpCrj3RHjJ","Lryj0DQOch","3,7,12,19","","","","0","2020-06-01","","1"
"cv6ohumVRrDcYH3oVOh0","Cooper Vandervort","cKXcESlaps","","4","E5vqS7uUSg,k09yNnuIP6","XLK28Jn5Dy","U4JnR0kaZs","3,11,12,19","","","","0","2020-06-01","","1"
"9MFgrcWr1FEdSUZgRxQH","Antonette Mueller IV","LCOk01W7w7","","3","u2YsJgdEqO,JzOrlfzDLq","P804q6sbAT","5wRA95anXR","3","","","","0","2020-06-01","","1"
"NQ2aQTto5jBIGmut4boy","Anissa Nienow","3kQ6lJR1N8","","4","ReI2sd06Sk,Wzzv851vWR","uPFahjZgID","0k6rsF3EXk","3,6,7,12,19","","","","0","2020-06-01","","1"
"EtJ7obLK7lqREPfliI0S","Kiley Blick","AhIkBQ8QU7","","2","H6f22SlFx3,jFEmENg55g","cEbyPG6bmm","UIVqWZMJoE","3,11,19","","","","0","2020-06-01","","1"
"mjUVjF7TJjjzMyoKg6kt","Rafaela Armstrong","jmagXMfo3u","","3","d8tqh4rqem,6zrchDc3Ub","GOMNwktxkc","SIKTqf6YSD","3,6","","","","0","2020-06-01","","1"
"T043Bwx7tExLwIHrb3hr","Dr. Charlie Rogahn II","FTqWfACa09","","10","0KHSlKS4Jy,tiKUhHBkuB","RLNvZjQWik","mkflwyx2pe","3,6,12","","","","0","2020-06-01","","1"
"JtchLihzE33JFtI7YmFP","Marielle Wehner","dLfAuiOiKp","","6","mRrKbwQsWw,kvrBjIfq1O","3dw3AdEPxI","wT2SQ6BbQP","6,7","","","","0","2020-06-01","","1"
"ChIQmXzTAhEkPfPpfwY7","Jalyn Hermiston","mXwvQWEBx1","","5","Q1EZt7u31U,0AzcY39GDi","xWxSLL069E","YlpuW1uTlg","3,6,7,11,19","","","","0","2020-06-01","","1"
"NMjYeJ7nVW0lyM9sMeZa","Ms. Yoshiko Durgan MD","bZGAkrn6gi","","1","w3tdXmrzGd,QsziRcUgX7","klJehlmc3g","xXj88ZACzF","6,12","","","","0","2020-06-01","","1"
"xjsQd9kMbjxwkeD7UTUa","Maudie Veum MD","5aeDKZgHCm","","3","vUmh5AVTvd,4eh1UjvD93","7cRFBwr0BA","zRAkGHbByA","3,12","","","","0","2020-06-01","","1"
"7Vas5zFnDzzZY9XDcLm4","Myrtis Medhurst","8RRWfijKjx","","7","lXdWPJDzch,bzGN4jvsJC","ZeNCHQ7qhh","zSKjFxn4rL","12","","","","0","2020-06-01","","1"
"hYvNhHmB9JyWuxaQuOrL","Rosalind Cormier","q5IuUcXGbK","","2","RUFzd4vSJQ,lQySbcIeCc","EEA5OJhUAm","qSM4gwCnOH","3,6,7,11,12","","","","0","2020-06-01","","1"
"8FIX0cxeeaV3eqyPqdQJ","Deshaun Dickens","NP9B3rQ7Z2","","6","711pOT5OVo,3F3VZ3qctp","iHyMFN3Xhd","2RxeXPSKd6","6,11,19","","","","0","2020-06-01","","1"
"3LemrJCE3qW2k2XrdfUx","Cassandra Sporer","GLhpxHqJkA","","4","5idR53yoHW,3qK5F24Urk","L7AN3vGJQb","gg3xIUqo78","19","","","","0","2020-06-01","","1"
"EwvCioPsoSJp41IhQEsa","Novella Sporer Jr.","B9iLzZTuir","","10","zRG2ZnXBSg,qnpGXaymP6","9uo5MpnGan","NBqrTltX3l","6,7,11","","","","0","2020-06-01","","1"
"Q0cJuWWpcmGsv26u4xTm","Mina Mante","huNQ9nfpAM","","4","MLPlJngaSo,RVxGjffNRx","Fvfp10N0ia","KT4Eidy9oO","7,11","","","","0","2020-06-01","","1"
"SSyR4vX7HZVGCMmFNBLt","Larry Koelpin","6FUBS2KGcB","","3","JPcqfbRgMH,evD6b2bYbe","GYCVS3PQwB","TkgFwRd6V5","3,12,19","","","","0","2020-06-01","","1"
"k6CuzKQLoIcUrWIBnVIl","Raphael Haag","KtIoBM1rTe","","5","FCvhEbS2Qx,cE7hBUse0h","Bjn8M4py2s","ZcLOtgU54R","6,7,12","","","","0","2020-06-01","","1"
"YMH6BOPngAwpeL3PWCMe","Simone Mertz","7k1mo8RbIp","","10","SLEZ4TY8N1,YUHVG2KDtD","nQOvfA6L8K","jkxpvdZgM0","7","","","","0","2020-06-01","","1"
"hZW2W1cOejD3VdUy8tGu","Lowell Batz","aVUD27Dsv0","","5","sueTTG84xD,YyDM6HrqAu","lP3MplH7fU","yxn4bLe0mR","6,7,11,12","","","","0","2020-06-01","","1"
"ocyAnkAyXGEsrbvlmkac","Clemmie Gaylord II","yECPhAHJ37","","9","XaTQSnrzul,I56SlVosGW","qWRuVaijrU","FckpTKyLcV","3,6,7,11,19","","","","0","2020-06-01","","1"
"Hq0x38VCZ9BKzr6NtR1v","Prof. Crawford Aufderhar","Huyn0LMQIu","","2","ZKIBMSU9oV,u66Xuz9ZEg","8xlepEoJW6","RKHESBjW3J","3,6,7,11,19","","","","0","2020-06-01","","1"
"rGKb2vqgQZvbywjwwSEO","Miss Breanne Altenwerth","lMpEM6zEBi","","10","uncJ1y1pDp,xuN7NUSbuN","i88tV0HxXb","BnJFh8eex6","3,11","","","","0","2020-06-01","","1"
"Y6IckuRNIhZ6fdnCTemo","Jodie Greenfelder","mAmcb8xOyR","","4","PXScut5S6K,kwOAubGjbm","M5KcThoZKU","IA8JQUhBYg","","","","","0","2020-06-01","","1"
"wIeYmTJPcAU5TTWo99FP","Rossie Renner","xZRMZXchac","","10","fbPESKK492,BlABmLpBRS","fanAVp9MvD","cEUcc00eAo","6,7,12","","","","0","2020-06-01","","1"
"3I0EPd6PTDJVrS2QQNe7","Trevor Koch","paDmqyT7BP","","8","DkkKV8SGRN,cWMSG9TfKh","xEy9EccaPM","AXgbCjupk6","6,7,11,12,19","","","","0","2020-06-01","","1"
"1XdgitrXRxQvUnuQK6aY","Dr. Linwood Balistreri PhD","4Pz4YZnzkb","","7","cULv5NbSL5,9pjLckcYi5","VKdemPhrzS","ILqfTWsUaX","3,11","","","","0","2020-06-01","","1"
"bVosadiYjPU1iZLEuF2L","Mrs. Beryl Leuschke","fsE8y8pABC","","1","vjX82vHI5T,MvXa4mrYZj","KGGIh1ukbb","uzUz88L19c","6,7,11,19","","","","0","2020-06-01","","1"
"qfFldwBiL36miRZnELuA","Otha Hoeger V","f0nWF6D4o5","","5","toiYj4Mh2O,jOOlSfj68Y","m3ctJfZBC6","9ieYzfm2mq","11,12","","","","0","2020-06-01","","1"
"aFBUldZgt2E1zZgaVWIS","Jazlyn Ondricka","72iqd8S3Kn","","1","k13KiMIJuu,pZt05Ot32o","BTndNrvsKl","Sztz9i7Ajr","6,11","","","","0","2020-06-01","","1"
"PW0MvEeKsgzQB4SnqqMA","Monroe Huel","YhDIT8mnJv","","9","goHMciIQWU,LweCClHC3u","fRFDLcrFLf","RMopMKXqnn","3,7,11,19","","","","0","2020-06-01","","1"
"S39l53M3nKRPmGlGWSKT","Ms. Marge Friesen","RZz2l6Vl8U","","7","In9MtOfVNk,xYlrv8gTEp","nrKWHDTZhU","wLb6Jro1Kk","11,19","","","","0","2020-06-01","","1"
"G5YVwRNgOj2B0v1rK1Yp","Dusty Wolff","ymgb49Lycb","","8","gNB9yQknnu,HgVLWHFbcd","C0IoVNaFlG","g1YHgJ547t","7,12","","","","0","2020-06-01","","1"
"qRLDyAmcd4Gpt80OExOe","Yoshiko Reichel","tAE6hb6GQp","","7","P7PQRI2IQy,6PKfwHIiMR","6ybPliQKSz","awQlG4GPBT","11,12,19","","","","0","2020-06-01","","1"
"I5IIY8Vauj4XlPnTGoIv","Blaise O'Reilly","gMHrnjX3oV","","1","fUsWlMObfx,pcSu8PGGNi","YeEbaIeNu0","jSRapW99Jm","12,19","","","","0","2020-06-01","","1"
"YS6uUmBcGyWymVl5FAu6","Prof. Elliott Funk V","OwyT2bRT67","","3","2IJ5VPL3Rc,kZEBSafakA","2qlINZvqgd","xtiwbvnPSj","6,7","","","","0","2020-06-01","","1"
"kd88e24SMGTDE64fnvJb","Mrs. Victoria Beier","tWaH1as22g","","2","vRZCp2rV58,ewpWysPPtu","XHDSac9DVn","byTHbo5sku","7,11,19","","","","0","2020-06-01","","1"
"ehUIyXfvGgIGYS05P4AP","Maybelle Kirlin","O37bu3e88E","","10","npfcNh2Pdf,nDkl8u1EX2","XwA4mgHtUg","IhdTkvtJfo","7,11,12","","","","0","2020-06-01","","1"
"c3mSLa0z0tEGq8IAII84","Miss Kirsten Spinka IV","EFsI7X0ucJ","","10","1de4GQDtHm,anWR0O3wYB","xHOu3S75jL","nj0hwyDGzA","3,7,11,19","","","","0","2020-06-01","","1"
"CEzSKkX1NthlmetySGq4","Assunta Schoen","sgDaEz8uDW","","8","8fkJtf0976,2WTOukizB9","q1lFB7kEyw","DGLTTpx1XB","3,7,11","","","","0","2020-06-01","","1"
"1Q8SrQJMBdad04eENNvR","Mr. Rusty Stehr Jr.","yfnMbuZN7S","","3","Qb810g6Hmr,uIeOBKOhwM","X0PSgQok5F","0YXtI5hbFe","7,19","","","","0","2020-06-01","","1"
"rVtOCPjEI4SA4Ra6DKcJ","Cloyd Stark","GOz3SgblgP","","6","tEbhVDAekq,0VITokU4vb","lyIu01l0si","RXFWmhm2kU","7,11","","","","0","2020-06-01","","1"
"Mzc3f7yzNJN665NyCIlK","Gabrielle McDermott DVM","ZUjv8c3JFI","","7","FlsTBfIehH,2FkRkQ6RjE","sT7otQMQR7","gGMttfmqH4","12,19","","","","0","2020-06-01","","1"
"123","Prof. Darius Wolf","YLO6bFM2i4","","10","BiVCiu6KxY,uXrbwbASYf","aoJmWhqqiG","2slMpORoJv","12,19","","","","0","2020-06-01","","1"
"12345","Joseph Dietrich","ORrIPZSq3I","","6","c0MP7ilEdJ,y2qYyA0jp2,HDJsmg8KMg,mvNFRWFA0y","T1NrlaCEmN","wIwGoful4o","3,12,19","","","","0","2020-06-01","","1"
"bUPfrjp68NPC7sdXttNn","Curtis Buckridge Jr.","kRkjN887N2","","3","8385ZJWZKr,EzBaiSwstt","Xsjp4CijDX","IOX7WHFWvv","6,11,19","","","","0","2020-06-01","","1"
"4XJkTHfvWE9DyAh4hlKt","Bulah O'Hara","UEPEZMW4Qn","","4","PmDj2SDR6h,0rPjXKD17A","HMBl7oZPAJ","wws7sH4waU","6,7,12","","","","0","2020-06-01","","1"
"4lYA16OHDHjCZA3fHUGc","Miss Leora Conn","rhfuCYXfcL","","10","MRBVXW86lT,owUkcyz1SA","Yio8zSWxF5","G7yf4krgm1","3,11,12,19","","","","0","2020-06-01","","1"
"EsjefE7LBTu9B62tZ0tG","Garfield Balistreri","TXupZeWCvj","","5","R0WClvTTWt,ItR3s8f5nm","YVPMP6NbpS","PwOSYo4OIR","3,6,7,11,12,19","","","","0","2020-06-01","","1"
"AMqxO6HDl37ZKR4SXh21","Jana Nikolaus","192ssehN57","","6","eysPLbTGLe,ZoBCOTN9bi","mLRoUbSQJ6","pWLy7deI9l","3,6,11","","","","0","2020-06-01","","1"
"12345678","Fernando Block","zZ5G1rCdAp","","3","0NgV2bAepW,c7a0qrHAeN","9wkD4dVhBG","PwOSYo4OIR","11,19","","","","0","2020-06-01","","1"
"X0D4daFm4qL0Wp4RY0iS","Lon Erdman DVM","IfXZdKXuTq","","9","A9aUiZkP8q,D5OfJwE0ab","lZ8HKdsXRc","TWWXphTbYx","3,6,7,19","","","","0","2020-06-01","","1"
"gqHJ6ASxWcYJnUPlNJeA","Lenore Schuster","lX63SBTZ2g","","1","3ZWbYzfVEr,RhrwqPBxUQ","c0MP7ilEdJ","UrCL8hx1gi","6,11,12","","","","0","2020-06-01","","1"
"OEk3NQAEy3Hbv4Z7QveF","Tate Bartell","wgccSnNIvt","","8","9kHxaz9sk1,fCJ8nco06w","MFwwpHisUe","vnebkdRRxe","7,12,19","","","","0","2020-06-01","","1"
"3aO6n9WnVFzBXW0e6foJ","Helen Pollich","UobSR2d0cR","","2","W3etWFCioR,y2qYyA0jp2","VyDuUvAAi9","DbF6MIoV2F","3,6","","","","0","2020-06-01","","1"
"42susg1H6JDFBFZLIm57","Dr. Katharina Bogan","hU55DvoCVK","","1","oyQ7fCFDJn,IyIvrvD2EQ","OJHDCmgmbi","IRe0QIHbSP","3,7,12,19","","","","0","2020-06-01","","1"
"xLE4t6JidoQsjaAvRnJU","Lucas Schaefer PhD","L5TOtSSTYO","","8","FPBbqw8J2s,zLldPcZ9W2","ojn58WAAi9","Uk8yxTKXcF","3,11,19","","","","0","2020-06-01","","1"
"122456","Bulah Mohr","tHi6DnxQJF","","6","y2qYyA0jp2,OJHDCmgmbi,oyQ7fCFDJn,FPBbqw8J2s,zLldPcZ9W2,HDJsmg8KMg,mvNFRWFA0y","T1NrlaCEmN","e5n5XXsQjO","11,12,19","","","","0","2020-06-01","","1"
